DATE,monthid,ipgrowth,inflation
1919-02-01,1,-4.5199606704,
1919-03-01,2,-2.9348638046,
1919-04-01,3,1.771669595,
1919-05-01,4,0.5822053289,
1919-06-01,5,6.2002328904,
1919-07-01,6,5.8362246581,
1919-08-01,7,1.534137781,
1919-09-01,8,-2.0501487071,
1919-10-01,9,-1.0420298229,
1919-11-01,10,-1.5827003724,
1919-12-01,11,1.5827003724,
1920-01-01,12,9.0054570745,
1920-02-01,13,0,
1920-03-01,14,-1.9312881473,
1920-04-01,15,-5.5161281783,
1920-05-01,16,2.5445990124,
1920-06-01,17,1.0003529673,
1920-07-01,18,-2.518949227,
1920-08-01,19,0.5081350283,
1920-09-01,20,-3.6182742252,
1920-10-01,21,-4.3012428976,
1920-11-01,22,-8.6010668226,
1920-12-01,23,-6.1746301887,
1921-01-01,24,-5.9041869335,
1921-02-01,25,-2.0472975784,
1921-03-01,26,-2.7983692496,
1921-04-01,27,0,
1921-05-01,28,2.7983692496,
1921-06-01,29,-0.6909915337,
1921-07-01,30,-0.6984048224,
1921-08-01,31,3.4366939345,
1921-09-01,32,0.6748899759,
1921-10-01,33,5.8632584886,
1921-11-01,34,-1.2719677898,
1921-12-01,35,-0.6445065736,
1922-01-01,36,3.7992236772,
1922-02-01,37,4.2562506996,
1922-03-01,38,5.2171094093,
1922-04-01,39,-3.447657478,
1922-05-01,40,5.127913245,
1922-06-01,41,4.87970636,
1922-07-01,42,0,
1922-08-01,43,-2.1398648827,
1922-09-01,44,5.2661806747,
1922-10-01,45,5.48673355,
1922-11-01,46,4.2767579481,
1922-12-01,47,2.7516989176,
1923-01-01,48,-2.2883669453,
1923-02-01,49,1.3789541628,
1923-03-01,50,3.1465828825,
1923-04-01,51,2.1882140329,
1923-05-01,52,1.2899889641,
1923-06-01,53,-0.8570704378,
1923-07-01,54,-0.8660995231,
1923-08-01,55,-1.7550330361,
1923-09-01,56,-2.2371701001,
1923-10-01,57,-0.4528258616,
1923-11-01,58,0,
1923-12-01,59,-2.298873056,
1924-01-01,60,2.298873056,
1924-02-01,61,1.8007921196,
1924-03-01,62,-1.8007921196,
1924-04-01,63,-3.2337765829,
1924-05-01,64,-4.3178088087,
1924-06-01,65,-4.5126897655,
1924-07-01,66,-1.5500007061,
1924-08-01,67,3.5812378019,
1924-09-01,68,3.4574070571,
1924-10-01,69,2.3981278969,
1924-11-01,70,1.8786300513,
1924-12-01,71,2.7516989176,
1925-01-01,72,3.1185367449,
1925-02-01,73,0,
1925-03-01,74,0,
1925-04-01,75,0.8736663913,
1925-05-01,76,-0.4366925502,
1925-06-01,77,-0.875865527,
1925-07-01,78,2.6081110286,
1925-08-01,79,-1.7322455016,
1925-09-01,80,-1.3183404859,
1925-10-01,81,3.9055846283,
1925-11-01,82,2.1052748619,
1925-12-01,83,1.2419070301,
1926-01-01,84,-1.6603664988,
1926-02-01,85,0,
1926-03-01,86,1.2486219972,
1926-04-01,87,0,
1926-05-01,88,-0.8301625286,
1926-06-01,89,1.2419070301,
1926-07-01,90,0.4100561157,
1926-08-01,91,1.2231918679,
1926-09-01,92,1.6055167673,
1926-10-01,93,0,
1926-11-01,94,-0.398596518,
1926-12-01,95,-0.4001916702,
1927-01-01,96,-0.4033019207,
1927-02-01,97,0.8034935909,
1927-03-01,98,1.1925272242,
1927-04-01,99,-2.3994474735,
1927-05-01,100,0.8067285792,
1927-06-01,101,-0.4033019207,
1927-07-01,102,-1.2167163136,
1927-08-01,103,0,
1927-09-01,104,-1.6466955963,
1927-10-01,105,-2.0964604421,
1927-11-01,106,0,
1927-12-01,107,0.4237661611,
1928-01-01,108,2.0876870473,
1928-02-01,109,0.8218006172,
1928-03-01,110,0.8166165865,
1928-04-01,111,-0.4067143737,
1928-05-01,112,1.2167163136,
1928-06-01,113,0.8034935909,
1928-07-01,114,1.1925272242,
1928-08-01,115,1.9569582496,
1928-09-01,116,0.7724712055,
1928-10-01,117,1.9047654234,
1928-11-01,118,1.8691612302,
1928-12-01,119,1.8348636893,
1929-01-01,120,1.444563715,
1929-02-01,121,-0.3598593878,
1929-03-01,122,0.3598593878,
1929-04-01,123,1.7761892102,
1929-05-01,124,1.7451905237,
1929-06-01,125,0.6898927008,
1929-07-01,126,1.3644060168,
1929-08-01,127,-1.0218742725,
1929-09-01,128,-0.6875255136,
1929-10-01,129,-1.7391291933,
1929-11-01,130,-5.0374507891,
1929-12-01,131,-4.5278232149,
1930-01-01,132,0,
1930-02-01,133,-0.3877007314,
1930-03-01,134,-1.5630775798,
1930-04-01,135,-0.7893188962,
1930-05-01,136,-1.6005825886,
1930-06-01,137,-2.8634119099,
1930-07-01,138,-4.6709962163,
1930-08-01,139,-2.1978186784,
1930-09-01,140,-1.7943844578,
1930-10-01,141,-2.7516989176,
1930-11-01,142,-2.3529672238,
1930-12-01,143,-2.4096686155,
1931-01-01,144,-0.4900764962,
1931-02-01,145,0.4900764962,
1931-03-01,146,1.9312881473,
1931-04-01,147,0.4783804682,
1931-05-01,148,-1.4402621959,
1931-06-01,149,-2.4450561254,
1931-07-01,150,-1.4958794602,
1931-08-01,151,-3.5812378019,
1931-09-01,152,-4.7995858687,
1931-10-01,153,-3.9004933996,
1931-11-01,154,-1.1432588889,
1931-12-01,155,-0.5776452924,
1932-01-01,156,-2.9327102334,
1932-02-01,157,-2.4083488289,
1932-03-01,158,-1.2274299538,
1932-04-01,159,-7.0304618715,
1932-05-01,160,-3.3671863158,
1932-06-01,161,-3.4871706721,
1932-07-01,162,-2.876218476,
1932-08-01,163,2.876218476,
1932-09-01,164,6.1884387691,
1932-10-01,165,3.2789021599,
1932-11-01,166,0,
1932-12-01,167,-1.9539219451,
1933-01-01,168,-1.9928621801,
1933-02-01,169,0.6678819653,
1933-03-01,170,-6.1884387691,
1933-04-01,171,6.8543569879,
1933-05-01,172,15.3198550689,
1933-06-01,173,14.2721149777,
1933-07-01,174,8.9458506043,
1933-08-01,175,-4.1373870335,
1933-09-01,176,-5.798908511,
1933-10-01,177,-5.1029927286,
1933-11-01,178,-5.9327088835,
1933-12-01,179,0.5552416349,
1934-01-01,180,3.2602559516,
1934-02-01,181,4.7012547985,
1934-03-01,182,4.4901254256,
1934-04-01,183,0,
1934-05-01,184,1.9312881473,
1934-06-01,185,-1.9312881473,
1934-07-01,186,-7.0741689272,
1934-08-01,187,-1.0530025235,
1934-09-01,188,-5.9953387033,
1934-10-01,189,4.3957496907,
1934-11-01,190,1.0698911638,
1934-12-01,191,6.18769891,
1935-01-01,192,7.6951382013,
1935-02-01,193,1.8355410836,
1935-03-01,194,-0.4565869208,
1935-04-01,195,-1.8422861352,
1935-05-01,196,0,
1935-06-01,197,1.3853139689,
1935-07-01,198,0,
1935-08-01,199,3.6035550488,
1935-09-01,200,2.6211325592,
1935-10-01,201,2.9712674623,
1935-11-01,202,2.0704226145,
1935-12-01,203,1.2231918679,
1936-01-01,204,-1.6332479836,
1936-02-01,205,-2.4994315489,
1936-03-01,206,1.2575245188,
1936-04-01,207,6.0622795508,
1936-05-01,208,1.9417523915,
1936-06-01,209,1.9047654234,
1936-07-01,210,1.8691612302,
1936-08-01,211,1.471118344,
1936-09-01,212,1.8083090603,
1936-10-01,213,1.4226763869,
1936-11-01,214,2.7885960477,
1936-12-01,215,3.0450757502,
1937-01-01,216,-0.3333834008,
1937-02-01,217,1.3281459736,
1937-03-01,218,2.2841395871,
1937-04-01,219,0,
1937-05-01,220,0.3227725218,
1937-06-01,221,-1.2949613066,
1937-07-01,222,0.6495767946,
1937-08-01,223,-0.6495767946,
1937-09-01,224,-3.3114709839,
1937-10-01,225,-7.6961542911,
1937-11-01,226,-10.334240613,
1937-12-01,227,-9.2894411623,
1938-01-01,228,-2.2371701001,
1938-02-01,229,-0.9094127824,
1938-03-01,230,0,
1938-04-01,231,-1.8422861352,
1938-05-01,232,-2.3529672238,
1938-06-01,233,0.9464350054,
1938-07-01,234,5.506197394,
1938-08-01,235,5.2187726524,
1938-09-01,236,2.92319771,
1938-10-01,237,2.4399765628,
1938-11-01,238,3.9373778753,
1938-12-01,239,1.1513202739,
1939-01-01,240,0,
1939-02-01,241,0.7607184854,
1939-03-01,242,0.3774971382,
1939-04-01,243,-0.3774971382,
1939-05-01,244,-0.3803441818,
1939-06-01,245,2.2565088727,
1939-07-01,246,2.930247657,
1939-08-01,247,1.434204537,
1939-09-01,248,5.8726848807,
1939-10-01,249,4.912052869,
1939-11-01,250,2.5234780684,
1939-12-01,251,0,
1940-01-01,252,-1.2543669644,
1940-02-01,253,-3.2053184059,
1940-03-01,254,-2.3067133752,
1940-04-01,255,1.9809445529,
1940-05-01,256,2.8979535881,
1940-06-01,257,3.1251815651,
1940-07-01,258,1.2236819397,
1940-08-01,259,0.6062711558,
1940-09-01,260,2.0929118563,
1940-10-01,261,1.4684101777,
1940-11-01,262,2.305296022,
1940-12-01,263,3.3617751196,
1941-01-01,264,2.4494330831,
1941-02-01,265,2.9136323405,
1941-03-01,266,3.0851834677,
1941-04-01,267,0.2524611581,
1941-05-01,268,4.4457898407,
1941-06-01,269,0.7218240956,
1941-07-01,270,1.1918753489,
1941-08-01,271,1.1778368378,
1941-09-01,272,0,
1941-10-01,273,0.9327275451,
1941-11-01,274,0.4631215022,
1941-12-01,275,1.6029704786,
1942-01-01,276,2.0250970744,
1942-02-01,277,1.7658378788,
1942-03-01,278,1.088121785,
1942-04-01,279,-2.8539596638,
1942-05-01,280,0.2221320609,
1942-06-01,281,0.2224658225,
1942-07-01,282,2.4093617803,
1942-08-01,283,2.9855334987,
1942-09-01,284,2.285022255,
1942-10-01,285,3.2322062197,
1942-11-01,286,2.3577521593,
1942-12-01,287,2.3034402882,
1943-01-01,288,0.9442661738,
1943-02-01,289,2.5977461647,
1943-03-01,290,0.7295009831,
1943-04-01,291,1.2647958945,
1943-05-01,292,0.715812174,
1943-06-01,293,-0.5360443535,
1943-07-01,294,3.0004947339,
1943-08-01,295,2.0655518593,
1943-09-01,296,2.5231961261,
1943-10-01,297,1.4841570057,
1943-11-01,298,1.3006747228,
1943-12-01,299,-1.3006747228,
1944-01-01,300,1.1392386296,
1944-02-01,301,0.8057829088,
1944-03-01,302,-0.1603983969,
1944-04-01,303,0,
1944-05-01,304,-0.6453845119,
1944-06-01,305,-0.3242609607,
1944-07-01,306,-0.1622227286,
1944-08-01,307,1.2922665981,
1944-09-01,308,-0.6443468157,
1944-10-01,309,0.3226923855,
1944-11-01,310,-0.8083894393,
1944-12-01,311,-0.3253158339,
1945-01-01,312,-0.9817331603,
1945-02-01,313,-0.3296028419,
1945-03-01,314,-0.6624828384,
1945-04-01,315,-1.8438422494,
1945-05-01,316,-2.7442577927,
1945-06-01,317,-2.2872744949,
1945-07-01,318,-2.3401391817,
1945-08-01,319,-10.9617780169,
1945-09-01,320,-9.3685686912,
1945-10-01,321,-4.1013632354,
1945-11-01,322,3.6537822967,
1945-12-01,323,0.4475809386,
1946-01-01,324,-5.7427993403,
1946-02-01,325,-5.0915094983,
1946-03-01,326,9.9371346643,
1946-04-01,327,-1.8180086575,
1946-05-01,328,-3.7391682562,
1946-06-01,329,6.0067701493,
1946-07-01,330,3.3078112473,
1946-08-01,331,3.6213213623,
1946-09-01,332,1.8655903327,
1946-10-01,333,1.8306713758,
1946-11-01,334,0.6028513193,
1946-12-01,335,0.5999809569,
1947-01-01,336,1.1878026125,
1947-02-01,337,0.5886520817,0.649654257
1947-03-01,338,0.5859320771,1.7423641147
1947-04-01,339,-0.781521169,0
1947-05-01,340,0.3915240517,-0.2275313837
1947-06-01,341,0,0.5905081888
1947-07-01,342,-0.5882284042,0.6770506567
1947-08-01,343,0.5882284042,0.7618230885
1947-09-01,344,0.7777571343,1.9452425927
1947-10-01,345,0.9643026817,0.3060111678
1947-11-01,346,1.3347311898,0.6526018376
1947-12-01,347,0.3782027573,1.5063766662
1948-01-01,348,0.5642861351,1.1467528513
1948-02-01,349,0.1878551205,-0.042238649
1948-03-01,350,-1.130344013,-0.7208002376
1948-04-01,351,0.1896323183,1.3525142777
1948-05-01,352,1.6865454878,0.7944846306
1948-06-01,353,1.2928263731,0.5813969865
1948-07-01,354,0,1.0298752201
1948-08-01,355,-0.3677746272,0.122875297
1948-09-01,356,-0.7389408213,-0.2869442428
1948-10-01,357,0.7389408213,-0.2054654514
1948-11-01,358,-1.2969257652,-0.6189415261
1948-12-01,359,-0.9378855093,-0.4563376515
1949-01-01,360,-0.9460568401,-0.1664586319
1949-02-01,361,-0.9550926272,-0.4173628763
1949-03-01,362,-1.9379947759,0
1949-04-01,363,-0.5886520817,0.0418147612
1949-05-01,364,-1.38764444,-0.0418147612
1949-06-01,365,-0.1994968578,0.0418147612
1949-07-01,366,-0.2006422715,-0.9239880941
1949-08-01,367,0.996992048,0
1949-09-01,368,0.9878821186,0.210748234
1949-10-01,369,-3.8044417996,-0.3374106955
1949-11-01,370,2.6182511575,0.1266624615
1949-12-01,371,1.7736870864,-0.3804697044
1950-01-01,372,1.7420598161,-0.4244488545
1950-02-01,373,0.3832748601,0.4244488545
1950-03-01,374,3.1988203173,0.126984144
1950-04-01,375,3.2787597205,0.04229224
1950-05-01,376,2.3034889494,0.5061166434
1950-06-01,377,2.9338137721,0.4617007152
1950-07-01,378,3.1797208454,0.7924963271
1950-08-01,379,3.0823178238,0.5386381368
1950-09-01,380,-0.6406508405,0.5768454397
1950-10-01,381,0.6406508405,0.6552029991
1950-11-01,382,-0.1596293128,0.4073325388
1950-12-01,383,1.7444054908,1.5329061759
1951-01-01,384,0.3140803457,1.5885957589
1951-02-01,385,0.6252166995,1.7575144822
1951-03-01,386,0.4660717501,0.1933862525
1951-04-01,387,0.1546835357,0.1544401851
1951-05-01,388,-0.3096067121,0.2696977169
1951-06-01,389,-0.4673772802,-0.2311249103
1951-07-01,390,-1.5723170662,-0.0771604977
1951-08-01,391,-0.9551567634,-0.193162123
1951-09-01,392,0.6375863516,0.6552345663
1951-10-01,393,-0.1588675687,0.4981807583
1951-11-01,394,0.7930030743,0.6097579868
1951-12-01,395,0.6301395536,0.5682909782
1952-01-01,396,1.0924111777,-0.0755857935
1952-02-01,397,0.6194112923,-0.1513431995
1952-03-01,398,0.3082727984,-0.0757575794
1952-04-01,399,-0.9276840907,0.2649008172
1952-05-01,400,-0.935786752,0.0377857552
1952-06-01,401,-0.9446265068,0.2264151911
1952-07-01,402,-1.595479841,0.5638052898
1952-08-01,403,6.2329571034,0.0374742369
1952-09-01,404,3.561322034,-0.2250563591
1952-10-01,405,1.0153139485,0.2250563591
1952-11-01,406,1.9996887432,0
1952-12-01,407,0.5643705765,0.0749063705
1953-01-01,408,0.2809953368,-0.262418145
1953-02-01,409,0.5591133388,-0.1878640417
1953-03-01,410,0.8336249172,0.1503194571
1953-04-01,411,0.4139642806,0.2250563591
1953-05-01,412,0.5496403313,0.037460199
1953-06-01,413,-0.4122030027,0.2618292126
1953-07-01,414,1.2305340155,0.0746826024
1953-08-01,415,-0.5451485754,0.2237137398
1953-09-01,416,-2.0704119667,0.1488649326
1953-10-01,417,-0.8401086756,0.2228827074
1953-11-01,418,-2.420082417,-0.37174764
1953-12-01,419,-2.4801060291,0.0744601673
1954-01-01,420,-0.7412719467,0.2601748355
1954-02-01,421,0.2972790382,0.1854256048
1954-03-01,422,-0.5954444604,-0.2225520206
1954-04-01,423,-0.5990112503,-0.2602715728
1954-05-01,424,0.5990112503,0.2602715728
1954-06-01,425,0.2981654222,0.0371264159
1954-07-01,426,0.1484731913,-0.2973979887
1954-08-01,427,-0.1484731913,-0.037237014
1954-09-01,428,0.1484731913,-0.1490868707
1954-10-01,429,1.1821041059,-0.3362603579
1954-11-01,430,1.6021008896,0.2242991595
1954-12-01,431,1.2923697897,-0.0373482731
1955-01-01,432,2.2565210919,0
1955-02-01,433,1.2475891979,0.1866020321
1955-03-01,434,2.3146375235,-0.1119194297
1955-04-01,435,1.2041912901,0
1955-05-01,436,1.5827081519,-0.0746826024
1955-06-01,437,0.1310932338,-0.224383041
1955-07-01,438,0.7810379429,0.1870208138
1955-08-01,439,-0.1295888155,-0.1495886592
1955-09-01,440,0.6472327207,0.4853472286
1955-10-01,441,1.6633639049,-0.1117943101
1955-11-01,442,0.2535729389,0.2234637801
1955-12-01,443,0.3789229484,-0.0372093028
1956-01-01,444,0.6285205078,-0.148975819
1956-02-01,445,-0.8806621982,0.1117526658
1956-03-01,446,0,0.1116279186
1956-04-01,447,0.7554607149,0.1486436543
1956-05-01,448,-0.882241973,0.3706453465
1956-06-01,449,-0.8900948144,0.4429686092
1956-07-01,450,-3.1132009411,0.514328834
1956-08-01,451,4.0032957555,0.0732600765
1956-09-01,452,2.2527560499,0.1463593382
1956-10-01,453,0.8626739296,0.5833046068
1956-11-01,454,-0.8626739296,0
1956-12-01,455,1.4742799068,0.4352563999
1957-01-01,456,-0.3664233258,0.1446654864
1957-02-01,457,0.9747630083,0.4687226898
1957-03-01,458,-0.1215530928,0.2155947655
1957-04-01,459,-1.3441778414,0.2509411605
1957-05-01,460,-0.3695843518,0.2503130218
1957-06-01,461,0.2466942175,0.3920874743
1957-07-01,462,0.6138580602,0.2841920208
1957-08-01,463,0,0.3187535902
1957-09-01,464,-0.8605522778,0.1413427797
1957-10-01,465,-1.4926168969,0
1957-11-01,466,-2.4094021537,0.3172927041
1957-12-01,467,-1.9447532284,0.2109705424
1958-01-01,468,-1.8491110538,0.5953440802
1958-02-01,469,-2.1566573718,0.2092780673
1958-03-01,470,-1.2333950187,0.5905870909
1958-04-01,471,-1.6690760578,0.2421727528
1958-05-01,472,0.9765357302,0
1958-06-01,473,2.6048060346,-0.1037165175
1958-07-01,474,1.4777866835,-0.069204155
1958-08-01,475,1.9802042877,0.1729206725
1958-09-01,476,0.9109416441,-0.1037165175
1958-10-01,477,1.1587392776,0
1958-11-01,478,2.9027062269,0.1382647991
1958-12-01,479,0.1241120131,0.0690607762
1959-01-01,480,1.4797321612,0.1379786352
1959-02-01,481,1.9396687803,-0.0344768147
1959-03-01,482,1.4303435096,-0.1035018205
1959-04-01,483,2.1076556568,0.0345125111
1959-05-01,484,1.4950113587,0.2068253064
1959-06-01,485,0.114341835,0.2407567801
1959-07-01,486,-2.42384773,0.1373155039
1959-08-01,487,-3.4466475817,0.1028630298
1959-09-01,488,-0.1208083487,0.2396030583
1959-10-01,489,-0.7292941543,0.3412972596
1959-11-01,490,0.6078880858,0
1959-12-01,491,5.9983678939,0.2042206292
1960-01-01,492,2.5915396538,-0.1361007355
1960-02-01,493,-0.8937532565,0.1361007355
1960-03-01,494,-0.9018132964,0
1960-04-01,495,-0.7959731009,0.4410524537
1960-05-01,496,-0.1140469333,0.1015056761
1960-06-01,497,-1.2653325361,0.1351808249
1960-07-01,498,-0.3477302787,-0.2028398261
1960-08-01,499,-0.1160349101,0.2028398261
1960-09-01,500,-1.0521691158,0
1960-10-01,501,-0.1173991838,0.4716989878
1960-11-01,502,-1.4218698823,0.1007895264
1960-12-01,503,-1.9279836435,0.1006880434
1961-01-01,504,0.1218487641,0.1005867646
1961-02-01,505,-0.1218487641,0
1961-03-01,506,0.6064130069,0
1961-04-01,507,2.0348119837,-0.1005867646
1961-05-01,508,1.5284125978,0.1005867646
1961-06-01,509,1.390569193,0
1961-07-01,510,1.144146026,0.2677377771
1961-08-01,511,0.9063200213,0.0668225885
1961-09-01,512,-0.1130520601,0.1335113683
1961-10-01,513,1.9005905501,0
1961-11-01,514,1.5386115662,0
1961-12-01,515,0.8685206707,0.1000166778
1962-01-01,516,-0.8685206707,0.0999167444
1962-02-01,517,1.6224871622,0.2327515598
1962-03-01,518,0.5350313967,0.1990710677
1962-04-01,519,0.2132929534,0.1324942228
1962-05-01,520,-0.1067882063,0.0992555913
1962-06-01,521,-0.2131230479,-0.0992555913
1962-07-01,522,0.9566797402,0.0330961446
1962-08-01,523,0.1059975393,0.1983471725
1962-09-01,524,0.6320711687,0.4612858262
1962-10-01,525,0.1052184945,-0.1315789664
1962-11-01,526,0.4186024499,0
1962-12-01,527,0,0
1963-01-01,528,0.7288472581,0.1973035826
1963-02-01,529,1.1348146447,0.1313197825
1963-03-01,530,0.6133282465,0.098376791
1963-04-01,531,0.913372649,-0.098376791
1963-05-01,532,1.2048721607,0.098376791
1963-06-01,533,0.2988706408,0.3272254229
1963-07-01,534,-0.3989411449,0.2610115674
1963-08-01,535,0.1996695149,0.1953125621
1963-09-01,536,0.9920430271,-0.0976085973
1963-10-01,537,0.688693568,0.0976085973
1963-11-01,538,0.4889842753,0.0975134158
1963-12-01,539,-0.1953797154,0.3243596746
1964-01-01,540,0.8760376415,0.1941119988
1964-02-01,541,0.6760562778,-0.0970089001
1964-03-01,542,0,0.0970089001
1964-04-01,543,1.6229693885,0.0323153986
1964-05-01,544,0.5664162848,0.0968835858
1964-06-01,545,0.282009565,0.0967898124
1964-07-01,546,0.655177583,0.0322424636
1964-08-01,547,0.6509129322,0.0966650631
1964-09-01,548,0.3701550673,0.096571712
1964-10-01,549,-1.3950290755,0.1286173811
1964-11-01,550,3.0433008766,0.2887856972
1964-12-01,551,1.1737275277,0.12808199
1965-01-01,552,1.0714750573,0.0959539495
1965-02-01,553,0.6197934188,0
1965-03-01,554,1.3151937751,0.0958619661
1965-04-01,555,0.4345819542,0.2233211967
1965-05-01,556,0.7776479408,0.3181676244
1965-06-01,557,0.7713290503,0.4121102678
1965-07-01,558,0.9351470938,-0.09495174
1965-08-01,559,0.4221074493,-0.095041984
1965-09-01,560,0.2523492534,0.2216242794
1965-10-01,561,1.0033867597,0.0948316809
1965-11-01,562,0.4150987875,0.3154576749
1965-12-01,563,1.2350570051,0.3144656679
1966-01-01,564,0.9772395807,0.0941471904
1966-02-01,565,0.6464275013,0.6253929076
1966-03-01,566,1.3591991016,0.3112358566
1966-04-01,567,0.158784871,0.3102701838
1966-05-01,568,0.947158056,0.2166177545
1966-06-01,569,0.4700903287,0.0926927303
1966-07-01,570,0.5458533594,0.2159494901
1966-08-01,571,0.07790181,0.6144412572
1966-09-01,572,0.9281109925,0.3058106359
1966-10-01,573,0.690260108,0.3048782849
1966-11-01,574,-0.6905469192,0.0912825257
1966-12-01,575,0.230903318,0.1215805621
1967-01-01,576,0.4704668518,-0.0607718038
1967-02-01,577,-1.1405813318,0.3034903695
1967-03-01,578,-0.5653559935,0
1967-04-01,579,0.9388657331,0.3025720917
1967-05-01,580,-0.8763085318,0
1967-06-01,581,-0.0124503975,0.6024114603
1967-07-01,582,-0.2281454684,0.2998502996
1967-08-01,583,1.8979305579,0.2989538848
1967-09-01,584,-0.1624491991,0.2980628138
1967-10-01,585,0.8110344537,0.2971770389
1967-11-01,586,1.420061422,0.5917177028
1967-12-01,587,1.071217356,0.294551023
1968-01-01,588,-0.1076842471,0.2936859673
1968-02-01,589,0.3576716299,0.2928259779
1968-03-01,590,0.3116765707,0.2919710103
1968-04-01,591,0.1447884642,0.2911210207
1968-05-01,592,1.1153296781,0.2902759658
1968-06-01,593,0.3667793295,0.5780362915
1968-07-01,594,-0.1534724794,0.5747142256
1968-08-01,595,0.2786698029,0.2861232281
1968-09-01,596,0.3778779301,0.2853068982
1968-10-01,597,0.1983251706,0.5681833467
1968-11-01,598,1.2853048193,0.28288562
1968-12-01,599,0.3152655213,0.5633817718
1969-01-01,600,0.6031776428,0.2805050928
1969-02-01,601,0.6378756391,0.2797204621
1969-03-01,602,0.7810643596,0.8344971932
1969-04-01,603,-0.368616501,0.5524875932
1969-05-01,604,-0.3785765795,0.2751033372
1969-06-01,605,0.9721499467,0.5479465765
1969-07-01,606,0.526447012,0.5449604768
1969-08-01,607,0.2296759658,0.2713705872
1969-09-01,608,-0.022534115,0.5405418567
1969-10-01,609,0.02919095,0.5376357036
1969-11-01,610,-0.9468917573,0.5347606327
1969-12-01,611,-0.2689005046,0.5319161478
1970-01-01,612,-1.8690226022,0.5291017634
1970-02-01,613,-0.0660329291,0.5263170044
1970-03-01,614,-0.1298157249,0.5235614054
1970-04-01,615,-0.2574856322,0.5208345107
1970-05-01,616,-0.1165100725,0.2594035177
1970-06-01,617,-0.3239683334,0.5167970158
1970-07-01,618,0.2450678356,0.2574003995
1970-08-01,619,-0.1784862134,0.2567395505
1970-09-01,620,-0.6916763592,0.5115100667
1970-10-01,621,-2.0207357795,0.5089069507
1970-11-01,622,-0.6074992754,0.5063301957
1970-12-01,623,2.2707748146,0.503779403
1971-01-01,624,0.7662585216,0.2509411605
1971-02-01,625,-0.1908142519,0
1971-03-01,626,-0.1083970328,0.2503130218
1971-04-01,627,0.5599891794,0.2496880199
1971-05-01,628,0.506012791,0.497513464
1971-06-01,629,0.4185428519,0.495050516
1971-07-01,630,-0.2906525606,0.2466092495
1971-08-01,631,-0.5819887052,0.2460025841
1971-09-01,632,1.6120992579,0.2453988962
1971-10-01,633,0.7457288421,0.2447981639
1971-11-01,634,0.4236101863,0.2442003656
1971-12-01,635,1.1476347992,0.2436054798
1972-01-01,636,2.37327004,0.2430134853
1972-02-01,637,0.9446515519,0.4842624476
1972-03-01,638,0.7362268809,0
1972-04-01,639,1.0326407242,0.2412546405
1972-05-01,640,-0.0515742315,0.2406740031
1972-06-01,641,0.2629450862,0.2400961538
1972-07-01,642,-0.0376253322,0.2395210726
1972-08-01,643,1.3200373532,0.2389487397
1972-09-01,644,0.7626254441,0.476191376
1972-10-01,645,1.3636338774,0.2372480354
1972-11-01,646,1.1342329513,0.4728141196
1972-12-01,647,1.1426086725,0.2355713692
1973-01-01,648,0.6540691097,0.4694844304
1973-02-01,649,1.4987320325,0.7001195459
1973-03-01,650,0.0480103748,0.9259325413
1973-04-01,651,-0.1663398992,0.6888660995
1973-05-01,652,0.6373670592,0.456621798
1973-06-01,653,0.0651647553,0.6810469003
1973-07-01,654,0.4272040923,0
1973-08-01,655,-0.1807657353,1.7937700687
1973-09-01,656,0.906753873,0.4434597068
1973-10-01,657,0.6863740582,0.8810629682
1973-11-01,658,0.4961791789,0.6557400546
1973-12-01,659,-0.2433030169,0.8676844026
1974-01-01,660,-0.724458128,1.0741241831
1974-02-01,661,-0.2924510323,1.0627092574
1974-03-01,662,0.0103727228,1.0515344
1974-04-01,663,-0.281769699,0.6256537614
1974-05-01,664,0.7261228822,1.0341353795
1974-06-01,665,-0.0951781254,0.8196767204
1974-07-01,666,-0.0026390215,0.6103782938
1974-08-01,667,-0.9672586763,1.2096921709
1974-09-01,668,0.0725869049,1.3930573536
1974-10-01,669,-0.3754893938,0.7874056431
1974-11-01,670,-3.3543016588,0.9756174945
1974-12-01,671,-3.5721307232,0.7736982502
1975-01-01,672,-1.3973197238,0.7677580899
1975-02-01,673,-2.3386190563,0.5719748673
1975-03-01,674,-1.0657188277,0.3795070969
1975-04-01,675,0.1354008233,0.378072284
1975-05-01,676,-0.2333740877,0.1885014696
1975-06-01,677,0.6750907601,0.7504725654
1975-07-01,678,1.0684878447,0.9302392662
1975-08-01,679,0.9013013914,0.3696861881
1975-09-01,680,1.2490518028,0.7352974305
1975-10-01,681,0.4057034982,0.5479465765
1975-11-01,682,0.2611747145,0.7259560013
1975-12-01,683,1.2323544334,0.5410292728
1976-01-01,684,1.4482352485,0.3590668131
1976-02-01,685,0.9531208475,0.1790510774
1976-03-01,686,0.1011136437,0.1787310574
1976-04-01,687,0.571283533,0.1784121794
1976-05-01,688,0.4541404559,0.5333345975
1976-06-01,689,-0.0043393609,0.530505223
1976-07-01,690,0.5875230104,0.5277057101
1976-08-01,691,0.6896781926,0.5249355886
1976-09-01,692,0.293387733,0.5221943981
1976-10-01,693,0.0339440646,0.5194816877
1976-11-01,694,1.4541175283,0.3448279279
1976-12-01,695,1.0341914412,0.5150225976
1977-01-01,696,-0.5471660124,0.5123837
1977-02-01,697,1.5104269228,1.016957917
1977-03-01,698,1.2377752339,0.5046268068
1977-04-01,699,0.9013782295,0.6688988151
1977-05-01,700,0.8467623135,0.3327790093
1977-06-01,701,0.7346883549,0.4971012722
1977-07-01,702,0.1701452079,0.4946423935
1977-08-01,703,0.0208824071,0.4922077205
1977-09-01,704,0.4711988437,0.3267976765
1977-10-01,705,0.2331107418,0.4882027597
1977-11-01,706,0.0654969814,0.6472514506
1977-12-01,707,0.1407975585,0.4827040748
1978-01-01,708,-1.3714469718,0.6400021845
1978-02-01,709,0.5113602332,0.4773278753
1978-03-01,710,1.8665852327,0.6329135052
1978-04-01,711,2.0680151333,0.785549994
1978-05-01,712,0.3431153523,0.9345862418
1978-06-01,713,0.687485147,0.7722046094
1978-07-01,714,-0.0365468042,0.7662872746
1978-08-01,715,0.3660559913,0.6088298867
1978-09-01,716,0.2802777729,0.9063506153
1978-10-01,717,0.8044361834,0.8982096316
1978-11-01,718,0.7261209963,0.5943553901
1978-12-01,719,0.5671514079,0.5908436686
1979-01-01,720,-0.6690596682,0.8797710704
1979-02-01,721,0.5648258114,1.0167117355
1979-03-01,722,0.3345550664,1.0064786616
1979-04-01,723,-1.090446805,0.9964495259
1979-05-01,724,0.7717562172,1.1267724846
1979-06-01,725,-0.0133492105,1.1142176553
1979-07-01,726,-0.1636241657,1.101939525
1979-08-01,727,-0.6630395669,0.9543358047
1979-09-01,728,0.1236079641,0.9453142644
1979-10-01,729,0.5287722233,1.0695289117
1979-11-01,730,-0.0880317592,1.0582109331
1979-12-01,731,0.0957841479,1.1772536225
1980-01-01,732,0.4325984757,1.4202950178
1980-02-01,733,0.0571015207,1.2739025777
1980-03-01,734,-0.3194927925,1.3828001607
1980-04-01,735,-2.0436915582,0.993796999
1980-05-01,736,-2.4547830185,0.9840177802
1980-06-01,737,-1.2483158346,0.9744291475
1980-07-01,738,-0.6545927969,0.1211387186
1980-08-01,739,0.269016707,0.72376673
1980-09-01,740,1.6217487074,0.8378265646
1980-10-01,741,1.2330736477,0.9489988185
1980-11-01,742,1.7282712067,1.056968149
1980-12-01,743,0.5805215905,0.9302392662
1981-01-01,744,-0.5486947283,0.9216655105
1981-02-01,745,-0.4922868745,0.9132483563
1981-03-01,746,0.5315653297,0.6795043133
1981-04-01,747,-0.4439580101,0.5627476866
1981-05-01,748,0.6289483474,0.6711434588
1981-06-01,749,0.4544484639,0.8879081641
1981-07-01,750,0.6421610428,1.0989121576
1981-08-01,751,-0.0166727736,0.7621158281
1981-09-01,752,-0.6286099524,0.971405372
1981-10-01,753,-0.6926865178,0.3217160952
1981-11-01,754,-1.1211976141,0.4273510777
1981-12-01,755,-1.1098006106,0.3193190579
1982-01-01,756,-1.9763372831,0.318302656
1982-02-01,757,1.9287134024,0.3172927041
1982-03-01,758,-0.744628813,0
1982-04-01,759,-0.8835287752,0.3162891409
1982-05-01,760,-0.6164054993,0.9429090289
1982-06-01,761,-0.3277800387,1.1404996614
1982-07-01,762,-0.3251336758,0.51413995
1982-08-01,763,-0.8283371537,0.2049181045
1982-09-01,764,-0.3174005513,0
1982-10-01,765,-0.8938653978,0.4085807523
1982-11-01,766,-0.3890878493,-0.1019887901
1982-12-01,767,-0.7252906935,-0.3065919622
1983-01-01,768,1.878402622,0.2044990488
1983-02-01,769,-0.6066191595,0.1020929134
1983-03-01,770,0.8042460274,0.1019887901
1983-04-01,771,1.2080085284,0.7110238183
1983-05-01,772,0.6931173426,0.4040409537
1983-06-01,773,0.5680333666,0.2014099372
1983-07-01,774,1.508681601,0.4016069655
1983-08-01,775,1.1079144616,0.3001503004
1983-09-01,776,1.519154392,0.2992520936
1983-10-01,777,0.8070527459,0.397614838
1983-11-01,778,0.3394720026,0.2971770389
1983-12-01,779,0.4973319258,0.2962965131
1984-01-01,780,1.9791185455,0.6879634014
1984-02-01,781,0.4769286755,0.4885207566
1984-03-01,782,0.4662485071,0.2919710103
1984-04-01,783,0.6404201105,0.3879733286
1984-05-01,784,0.4659385356,0.193423658
1984-06-01,785,0.3477121097,0.193050253
1984-07-01,786,0.3307077891,0.3849860385
1984-08-01,787,0.0620812292,0.2877699828
1984-09-01,788,-0.1550914965,0.2869442428
1984-10-01,789,-0.1312069292,0.3813160006
1984-11-01,790,0.3820996949,0.1901141257
1984-12-01,791,0.1052388505,0.1897533776
1985-01-01,792,-0.2462196818,0.189393996
1985-02-01,793,0.4203354386,0.5660392472
1985-03-01,794,0.1445912442,0.4692641178
1985-04-01,795,-0.2584370669,0.1870907936
1985-05-01,796,0.1354289644,0.1867414175
1985-06-01,797,0.0689251093,0.2794598931
1985-07-01,798,-0.6912142428,0.1858736595
1985-08-01,799,0.4254907498,0.1855288102
1985-09-01,800,0.4439405303,0.1851852381
1985-10-01,801,-0.4056489218,0.3693448335
1985-11-01,802,0.3297263956,0.4597709249
1985-12-01,803,1.034036954,0.4576667027
1986-01-01,804,0.4777047573,0.3646312153
1986-02-01,805,-0.7166911063,-0.1821494128
1986-03-01,806,-0.649096872,-0.5484474442
1986-04-01,807,0.0583218984,-0.3673098712
1986-05-01,808,0.1980404118,0.2756088102
1986-06-01,809,-0.3209205626,0.3663007759
1986-07-01,810,0.6382768251,0.0913659269
1986-08-01,811,-0.2210262466,0.0912825257
1986-09-01,812,0.1898436085,0.3642991279
1986-10-01,813,0.4459644958,0.1816530926
1986-11-01,814,0.472734931,0.1813237124
1986-12-01,815,0.8480039654,0.361664047
1987-01-01,816,-0.2950907216,0.540055318
1987-02-01,817,1.2598994482,0.3584233228
1987-03-01,818,0.1528538745,0.3571432368
1987-04-01,819,0.6194199524,0.4446427957
1987-05-01,820,0.6571853085,0.2658397667
1987-06-01,821,0.48098288,0.4415018209
1987-07-01,822,0.6583704327,0.2639684771
1987-08-01,823,0.8003680587,0.4384049109
1987-09-01,824,0.2625364284,0.3493453335
1987-10-01,825,1.4554881545,0.2612104228
1987-11-01,826,0.5434986848,0.3472225711
1987-12-01,827,0.4872998329,0.1731602164
1988-01-01,828,0.0496115295,0.3454234868
1988-02-01,829,0.4062522659,0.1722653311
1988-03-01,830,0.2282263946,0.2578428588
1988-04-01,831,0.5277239286,0.5990604137
1988-05-01,832,-0.1146786294,0.2556456441
1988-06-01,833,0.2598479262,0.4246290881
1988-07-01,834,0.0487793709,0.422833611
1988-08-01,835,0.4640129537,0.4210532536
1988-09-01,836,-0.2892247519,0.419287826
1988-10-01,837,0.4708468035,0.3341690662
1988-11-01,838,0.1788582307,0.3330560947
1988-12-01,839,0.4556878899,0.3319505123
1989-01-01,840,0.2868553574,0.4133945532
1989-02-01,841,-0.4284888221,0.3294895897
1989-03-01,842,0.2504707734,0.4922077205
1989-04-01,843,0.0896936281,0.7337986453
1989-05-01,844,-0.7339426066,0.4862246208
1989-06-01,845,0.0646282276,0.3228412812
1989-07-01,846,-0.9667884044,0.3218023694
1989-08-01,847,0.900535814,0
1989-09-01,848,-0.2892319319,0.2406740031
1989-10-01,849,-0.1206247202,0.4796172263
1989-11-01,850,0.3326690083,0.3979312851
1989-12-01,851,0.5870766363,0.3172088306
1990-01-01,852,-0.630002489,0.9456335242
1990-02-01,853,0.9382049459,0.3913899321
1990-03-01,854,0.5318708478,0.4676547884
1990-04-01,855,-0.1011749041,0.2330098142
1990-05-01,856,0.1614143256,0.1550387907
1990-06-01,857,0.3242841573,0.6177625824
1990-07-01,858,-0.1132520138,0.4608303086
1990-08-01,859,0.2603359659,0.8393792128
1990-09-01,860,0.2060638253,0.6815626535
1990-10-01,861,-0.7711712006,0.6769488055
1990-11-01,862,-1.1948706404,0.2246350626
1990-12-01,863,-0.6791672967,0.373274043
1991-01-01,864,-0.4561201742,0.3718858879
1991-02-01,865,-0.661672394,0.0742115062
1991-03-01,866,-0.5381214555,0
1991-04-01,867,0.2169881972,0.2223046488
1991-05-01,868,0.9888768942,0.369413054
1991-06-01,869,0.9244217598,0.294551023
1991-07-01,870,0.007315509,0.1469507979
1991-08-01,871,0.1369450428,0.2932553421
1991-09-01,872,0.8592887328,0.2923978691
1991-10-01,873,-0.2242930154,0.1458789464
1991-11-01,874,-0.0955416655,0.4363643288
1991-12-01,875,-0.3819475207,0.2898552754
1992-01-01,876,-0.6187983619,0.0723327337
1992-02-01,877,0.7252302082,0.2166848085
1992-03-01,878,0.869393366,0.3601012174
1992-04-01,879,0.692918778,0.2154399397
1992-05-01,880,0.3384717277,0.2149767936
1992-06-01,881,-0.0228787507,0.285918708
1992-07-01,882,0.8910925776,0.2851035431
1992-08-01,883,-0.4788078283,0.213295495
1992-09-01,884,0.2277709082,0.2128415135
1992-10-01,885,0.7670537953,0.4243287838
1992-11-01,886,0.4187063451,0.2818888406
1992-12-01,887,0.0670676191,0.1406469993
1993-01-01,888,0.4761324898,0.350754481
1993-02-01,889,0.3683348108,0.2098636657
1993-03-01,890,-0.046083734,0.1396648272
1993-04-01,891,0.2994737898,0.3483110453
1993-05-01,892,-0.3661626885,0.2777779564
1993-06-01,893,0.1776868247,0.0693240929
1993-07-01,894,0.2885123261,0.1385041773
1993-08-01,895,-0.0614897648,0.2073972399
1993-09-01,896,0.4715321353,0.1380262469
1993-10-01,897,0.762556819,0.4129393342
1993-11-01,898,0.4057269207,0.2743485946
1993-12-01,899,0.5156424383,0.2052686318
1994-01-01,900,0.4071221794,0
1994-02-01,901,0.0307979141,0.2730377123
1994-03-01,902,1.0190757879,0.2722942458
1994-04-01,903,0.5305941208,0.0679578687
1994-05-01,904,0.562214346,0.2035969485
1994-06-01,905,0.6722059101,0.2708193937
1994-07-01,906,0.1674207314,0.3374961017
1994-08-01,907,0.5600658619,0.4034975212
1994-09-01,908,0.3533866728,0.20113986
1994-10-01,909,0.8388541887,0.0669568154
1994-11-01,910,0.6166147834,0.2673798384
1994-12-01,911,1.022230242,0.2000667556
1995-01-01,912,0.2039296586,0.266134555
1995-02-01,913,-0.0945896751,0.2654281585
1995-03-01,914,0.1455071758,0.1986097972
1995-04-01,915,-0.029534619,0.3960401216
1995-05-01,916,0.2964971016,0.1974334304
1995-06-01,917,0.39638824,0.1970443987
1995-07-01,918,-0.4090111202,0.1311475598
1995-08-01,919,1.3256373911,0.1963994085
1995-09-01,920,0.3715095848,0.1307189729
1995-10-01,921,-0.1458694844,0.2609264364
1995-11-01,922,0.2492430554,0.1302083517
1995-12-01,923,0.3812812657,0.13003903
1996-01-01,924,-0.6629840281,0.5184716734
1996-02-01,925,1.5497024025,0.193735934
1996-03-01,926,-0.1387050563,0.32206147
1996-04-01,927,0.8639356732,0.3851095902
1996-05-01,928,0.7130368461,0.192000059
1996-06-01,929,0.8337231542,0.1916321251
1996-07-01,930,-0.1967212876,0.1912655986
1996-08-01,931,0.6188030889,0.1273074647
1996-09-01,932,0.6394714922,0.3175613974
1996-10-01,933,-0.0756783614,0.3165561365
1996-11-01,934,0.859356783,0.3155572199
1996-12-01,935,0.6246262803,0.2517307811
1997-01-01,936,0.1563259831,0.1883831012
1997-02-01,937,1.2041428053,0.1880288865
1997-03-01,938,0.6993472468,0.0625978111
1997-04-01,939,0.0732983727,0.0625586508
1997-05-01,940,0.6257350753,0
1997-06-01,941,0.4928366277,0.1874414794
1997-07-01,942,0.851277548,0.1247660798
1997-08-01,943,0.9710552454,0.2490661312
1997-09-01,944,0.8829136354,0.2484473328
1997-10-01,945,0.8910568746,0.185931259
1997-11-01,946,0.8821064558,0.123762392
1997-12-01,947,0.318530976,0.0618238041
1998-01-01,948,0.5071674384,0.1235330608
1998-02-01,949,0.0836834576,0
1998-03-01,950,0.0799278789,0
1998-04-01,951,0.347276557,0.1233806449
1998-05-01,952,0.615739818,0.2463055432
1998-06-01,953,-0.653897852,0.1229256455
1998-07-01,954,-0.3788139711,0.2453988962
1998-08-01,955,2.0590635509,0.1224739896
1998-09-01,956,-0.2563907972,0.0611807911
1998-10-01,957,0.769759715,0.2443495412
1998-11-01,958,-0.0405921825,0.1219512346
1998-12-01,959,0.350289419,0.1826484526
1999-01-01,960,0.4649985717,0.1823154562
1999-02-01,961,0.4517365068,0
1999-03-01,962,0.1917862104,0.0606980292
1999-04-01,963,0.1931306196,0.6652579721
1999-05-01,964,0.766775903,0.060259116
1999-06-01,965,-0.157172247,0
1999-07-01,966,0.6321708103,0.42080014
1999-08-01,967,0.4052092234,0.2396645845
1999-09-01,968,-0.3550736027,0.4180358432
1999-10-01,969,1.3285760096,0.1786246381
1999-11-01,970,0.4895249972,0.1783061394
1999-12-01,971,0.7607280757,0.2372480354
2000-01-01,972,0.0367656948,0.2957706977
2000-02-01,973,0.2982349171,0.4126147911
2000-03-01,974,0.4276097686,0.5865119452
2000-04-01,975,0.7313206401,-0.0584966381
2000-05-01,976,0.2149690527,0.1753873586
2000-06-01,977,0.0785266373,0.5824128286
2000-07-01,978,-0.1179210433,0.2899393159
2000-08-01,979,-0.3410588447,0
2000-09-01,980,0.3792662488,0.5197817074
2000-10-01,981,-0.3473169688,0.1726619134
2000-11-01,982,-0.0070387951,0.1723643058
2000-12-01,983,-0.2983585995,0.2293578987
2001-01-01,984,-0.7319235608,0.5711037796
2001-02-01,985,-0.6238537038,0.2275313837
2001-03-01,986,-0.2958332482,0.0568020464
2001-04-01,987,-0.2991476253,0.1702128071
2001-05-01,988,-0.7302170787,0.5089069507
2001-06-01,989,-0.6659299544,0.225352208
2001-07-01,990,-0.5344649448,-0.1689665285
2001-08-01,991,-0.2009651067,0
2001-09-01,992,-0.3521527495,0.393812042
2001-10-01,993,-0.4978679634,-0.2811359738
2001-11-01,994,-0.5433735744,-0.0563221643
2001-12-01,995,0.0174374318,-0.056353904
2002-01-01,996,0.6161550407,0.1689665285
2002-02-01,997,0.0140216721,0.1686815131
2002-03-01,998,0.7785860552,0.2805050928
2002-04-01,999,0.449824429,0.4471779391
2002-05-01,1000,0.4298733293,0.1114827317
2002-06-01,1001,0.9532377747,0.055694794
2002-07-01,1002,-0.2358170437,0.2224695022
2002-08-01,1003,0.0197004969,0.2773926883
2002-09-01,1004,0.1006679206,0.1660670185
2002-10-01,1005,-0.3137950927,0.2209945651
2002-11-01,1006,0.5092794673,0.1654260096
2002-12-01,1007,-0.4798402179,0.1651528038
2003-01-01,1008,0.6721745108,0.4390786417
2003-02-01,1009,0.2802448169,0.5461510026
2003-03-01,1010,-0.2089479076,0.1632653424
2003-04-01,1011,-0.78149875,-0.381367937
2003-05-01,1012,0.0473925467,-0.1638896843
2003-06-01,1013,0.0378978724,0.1092896284
2003-07-01,1014,0.5926782795,0.3271540541
2003-08-01,1015,-0.2544635069,0.434547126
2003-09-01,1016,0.5685980377,0.3246756099
2003-10-01,1017,0.0712066353,-0.1081081186
2003-11-01,1018,0.7590277748,0.0540686685
2003-12-01,1019,-0.1125445653,0.2699056969
2004-01-01,1020,0.2646673084,0.430339556
2004-02-01,1021,0.5250667032,0.214477294
2004-03-01,1022,-0.5179587103,0.2140182732
2004-04-01,1023,0.3778544093,0.1602136524
2004-05-01,1024,0.7580476052,0.4259857347
2004-06-01,1025,-0.808716352,0.3712547356
2004-07-01,1026,0.7661100573,0.1058201157
2004-08-01,1027,0.030604835,0.0528680953
2004-09-01,1028,0.0696100353,0.3166229558
2004-10-01,1029,0.9565375885,0.5254872838
2004-11-01,1030,0.2068770493,0.4705891037
2004-12-01,1031,0.6808934619,0
2005-01-01,1032,0.4691413534,-0.0521784515
2005-02-01,1033,0.6429259231,0.4166672695
2005-03-01,1034,-0.0884738942,0.3631651203
2005-04-01,1035,0.134201941,0.3102380978
2005-05-01,1036,0.172864331,-0.051639557
2005-06-01,1037,0.3958320111,0.051639557
2005-07-01,1038,-0.195996435,0.6176036101
2005-08-01,1039,0.1530311632,0.6138126689
2005-09-01,1040,-2.0067372761,1.367456102
2005-10-01,1041,1.2842060592,0.1507916848
2005-11-01,1042,0.9797342641,-0.5035257366
2005-12-01,1043,0.5719289793,0
2006-01-01,1044,0.1205450934,0.6039273514
2006-02-01,1045,0.0418363153,0.0501630309
2006-03-01,1046,0.2559048494,0.1503382894
2006-04-01,1047,0.3761169429,0.4995015381
2006-05-01,1048,-0.1435759273,0.2985076843
2006-06-01,1049,0.3846643858,0.2480775274
2006-07-01,1050,0.0120801261,0.5436138912
2006-08-01,1051,0.3339795277,0.4425873957
2006-09-01,1052,-0.1751286213,-0.4918849072
2006-10-01,1053,-0.0371074018,-0.4447746398
2006-11-01,1054,-0.1277833852,0.0495172082
2006-12-01,1055,0.9715035674,0.5430771185
2007-01-01,1056,-0.4726531543,0.1657906056
2007-02-01,1057,1.079821034,0.3870849134
2007-03-01,1058,0.1361489793,0.5186647493
2007-04-01,1059,0.7233467783,0.2996169482
2007-05-01,1060,0.0436503048,0.4124476657
2007-06-01,1061,-0.0061917897,0.2314072179
2007-07-01,1062,0.046129607,0.1779012467
2007-08-01,1063,0.1266969579,0.03082332
2007-09-01,1064,0.3822094862,0.4228600245
2007-10-01,1065,-0.4878456696,0.3078494401
2007-11-01,1066,0.5649859054,0.7828164083
2007-12-01,1067,-0.0236222193,0.2893823403
2008-01-01,1068,-0.247077143,0.3441775367
2008-02-01,1069,-0.2698376534,0.2414908637
2008-03-01,1070,-0.2669660295,0.3571641893
2008-04-01,1071,-0.7225344529,0.2311706966
2008-05-01,1072,-0.463006343,0.5900052068
2008-06-01,1073,-0.1997415476,1.0423718797
2008-07-01,1074,-0.490758853,0.7116065394
2008-08-01,1075,-1.5440252747,-0.1489584608
2008-09-01,1076,-4.2989387749,0.08547263
2008-10-01,1077,0.8457695201,-0.86356164
2008-11-01,1078,-1.2875793055,-1.7864094093
2008-12-01,1079,-2.8780509647,-0.8267605054
2009-01-01,1080,-2.224715113,0.2527574332
2009-02-01,1081,-0.71826088,0.3636042231
2009-03-01,1082,-1.5023983178,-0.0987770541
2009-04-01,1083,-0.7825841399,0.1006575752
2009-05-01,1084,-1.0634545602,0.1470412333
2009-06-01,1085,-0.3787068312,0.8265359855
2009-07-01,1086,0.992289736,-0.0298009855
2009-08-01,1087,0.9491628598,0.3342859791
2009-09-01,1088,0.7297594477,0.1929025467
2009-10-01,1089,0.3583157787,0.2997434999
2009-11-01,1090,0.3848564836,0.3342996545
2009-12-01,1091,0.33381318,0.0520041155
2010-01-01,1092,1.2119974566,0.0547361753
2010-02-01,1093,0.2646795315,-0.0989149343
2010-03-01,1094,0.7555557622,0.0248529535
2010-04-01,1095,0.3936341079,0.0326676347
2010-05-01,1096,1.5479689566,-0.035428769
2010-06-01,1097,0.2265867823,-0.0064429431
2010-07-01,1098,0.62824651,0.1802456795
2010-08-01,1099,0.2838009357,0.1537794464
2010-09-01,1100,0.2631987558,0.1233116434
2010-10-01,1101,-0.3105521493,0.3398089274
2010-11-01,1102,0.197557418,0.2371355154
2010-12-01,1103,0.8443646454,0.405927177
2011-01-01,1104,0.0249457755,0.2921733646
2011-02-01,1105,-0.5531812201,0.3314535952
2011-03-01,1106,0.9916843776,0.5121748
2011-04-01,1107,-0.4717655745,0.4926063235
2011-05-01,1108,0.3168392089,0.3839870724
2011-06-01,1109,0.2349851298,0.0320065438
2011-07-01,1110,0.6379596717,0.2499207814
2011-08-01,1111,0.4863821782,0.2638909484
2011-09-01,1112,0.1020228966,0.231878785
2011-10-01,1113,0.5136262717,0.0383737475
2011-11-01,1114,0.1102551648,0.1652357629
2011-12-01,1115,0.386566751,-0.0189331813
2012-01-01,1116,0.852763873,0.252001743
2012-02-01,1117,0.3742402621,0.2071066374
2012-03-01,1118,-0.3828851184,0.260030352
2012-04-01,1119,0.8193889,0.1974161841
2012-05-01,1120,0.3256171109,-0.130984938
2012-06-01,1121,0.0509589298,-0.0257805725
2012-07-01,1122,0.5586363024,-0.0201047194
2012-08-01,1123,-0.6072268681,0.5114119415
2012-09-01,1124,0.2795872899,0.4919344119
2012-10-01,1125,-0.0774534496,0.244630993
2012-11-01,1126,0.9700910762,-0.1996362272
2012-12-01,1127,0.0990759772,-0.0393693128
2013-01-01,1128,0.0521432885,0.0960166157
2013-02-01,1129,0.6436010268,0.5509584553
2013-03-01,1130,0.447485734,-0.2255345563
2013-04-01,1131,-0.1778679659,-0.1586952824
2013-05-01,1132,0.1056724033,0.1798069178
2013-06-01,1133,0.1930416202,0.3165702969
2013-07-01,1134,-0.1658867558,0.1681999573
2013-08-01,1135,0.557055901,0.0775683851
2013-09-01,1136,0.7164367988,0.1327123163
2013-10-01,1137,0.1005276047,0.0166835998
2013-11-01,1138,0.5499682497,0.1073073861
2013-12-01,1139,0.1795674111,0.2394229389
2014-01-01,1140,-0.2475559929,0.1444006666
2014-02-01,1141,0.933969183,0.1004037506
2014-03-01,1142,0.8475889635,0.2000812037
2014-04-01,1143,0.0614586463,0.2602280794
2014-05-01,1144,0.3353208036,0.3502793349
2014-06-01,1145,0.3811647381,0.2569634251
2014-07-01,1146,0.4374992277,0.0908322567
